-- MY ORDER PRO — catalog seed v5 (generated 2026-07-01 from mock_data.dart).
-- Run AFTER schema.sql..schema_v4. Seeds the 8 categories + 30 products + price
-- slabs the app displays, so the catalog shows live AND orders' product FK resolves.
-- Idempotent: categories/products upsert; slabs are replaced for these products.

BEGIN;

-- Categories
INSERT INTO categories (id, name, color_hex, item_count) VALUES ('c1', 'Groceries & Staples', '#1C6DD0', 8) ON CONFLICT (id) DO UPDATE SET name=EXCLUDED.name, color_hex=EXCLUDED.color_hex, item_count=EXCLUDED.item_count;
INSERT INTO categories (id, name, color_hex, item_count) VALUES ('c2', 'Beverages', '#E8590C', 6) ON CONFLICT (id) DO UPDATE SET name=EXCLUDED.name, color_hex=EXCLUDED.color_hex, item_count=EXCLUDED.item_count;
INSERT INTO categories (id, name, color_hex, item_count) VALUES ('c3', 'Snacks & Namkeen', '#AB7B00', 6) ON CONFLICT (id) DO UPDATE SET name=EXCLUDED.name, color_hex=EXCLUDED.color_hex, item_count=EXCLUDED.item_count;
INSERT INTO categories (id, name, color_hex, item_count) VALUES ('c4', 'Personal Care', '#7048E8', 5) ON CONFLICT (id) DO UPDATE SET name=EXCLUDED.name, color_hex=EXCLUDED.color_hex, item_count=EXCLUDED.item_count;
INSERT INTO categories (id, name, color_hex, item_count) VALUES ('c5', 'Home Care', '#0CA678', 5) ON CONFLICT (id) DO UPDATE SET name=EXCLUDED.name, color_hex=EXCLUDED.color_hex, item_count=EXCLUDED.item_count;
INSERT INTO categories (id, name, color_hex, item_count) VALUES ('c6', 'Dairy & Bakery', '#D6336C', 4) ON CONFLICT (id) DO UPDATE SET name=EXCLUDED.name, color_hex=EXCLUDED.color_hex, item_count=EXCLUDED.item_count;
INSERT INTO categories (id, name, color_hex, item_count) VALUES ('c7', 'Packaged Food', '#1098AD', 4) ON CONFLICT (id) DO UPDATE SET name=EXCLUDED.name, color_hex=EXCLUDED.color_hex, item_count=EXCLUDED.item_count;
INSERT INTO categories (id, name, color_hex, item_count) VALUES ('c8', 'Stationery', '#5C7CFA', 3) ON CONFLICT (id) DO UPDATE SET name=EXCLUDED.name, color_hex=EXCLUDED.color_hex, item_count=EXCLUDED.item_count;

-- Products
INSERT INTO products (id, name, brand, category_id, image_url, unit, mrp, moq, stock, is_popular, is_featured, description) VALUES ('p1', 'India Gate Basmati Rice', 'India Gate', 'c1', 'https://loremflickr.com/400/400/rice', '25 kg bag', 2200, 2, 140, true, true, 'Premium aged basmati rice. Long grain, low broken percentage. Ideal for hotels and bulk resale.') ON CONFLICT (id) DO UPDATE SET name=EXCLUDED.name, brand=EXCLUDED.brand, category_id=EXCLUDED.category_id, image_url=EXCLUDED.image_url, unit=EXCLUDED.unit, mrp=EXCLUDED.mrp, moq=EXCLUDED.moq, stock=EXCLUDED.stock, is_popular=EXCLUDED.is_popular, is_featured=EXCLUDED.is_featured, description=EXCLUDED.description;
INSERT INTO products (id, name, brand, category_id, image_url, unit, mrp, moq, stock, is_popular, is_featured, description) VALUES ('p2', 'Aashirvaad Atta', 'Aashirvaad', 'c1', 'https://loremflickr.com/400/400/flour', '10 kg bag', 520, 5, 300, true, false, 'Whole wheat atta, 100% MP wheat. Fast-moving SKU.') ON CONFLICT (id) DO UPDATE SET name=EXCLUDED.name, brand=EXCLUDED.brand, category_id=EXCLUDED.category_id, image_url=EXCLUDED.image_url, unit=EXCLUDED.unit, mrp=EXCLUDED.mrp, moq=EXCLUDED.moq, stock=EXCLUDED.stock, is_popular=EXCLUDED.is_popular, is_featured=EXCLUDED.is_featured, description=EXCLUDED.description;
INSERT INTO products (id, name, brand, category_id, image_url, unit, mrp, moq, stock, is_popular, is_featured, description) VALUES ('p3', 'Fortune Sunflower Oil', 'Fortune', 'c1', 'https://loremflickr.com/400/400/oil%2Cbottle', '15 L tin', 1850, 2, 90, false, true, 'Refined sunflower oil, jerrycan tin pack for kirana resale.') ON CONFLICT (id) DO UPDATE SET name=EXCLUDED.name, brand=EXCLUDED.brand, category_id=EXCLUDED.category_id, image_url=EXCLUDED.image_url, unit=EXCLUDED.unit, mrp=EXCLUDED.mrp, moq=EXCLUDED.moq, stock=EXCLUDED.stock, is_popular=EXCLUDED.is_popular, is_featured=EXCLUDED.is_featured, description=EXCLUDED.description;
INSERT INTO products (id, name, brand, category_id, image_url, unit, mrp, moq, stock, is_popular, is_featured, description) VALUES ('p4', 'Tata Salt', 'Tata', 'c1', 'https://loremflickr.com/400/400/salt', 'Carton (24 x 1kg)', 672, 5, 200, true, false, 'Iodised vacuum salt. Carton of 24 packs.') ON CONFLICT (id) DO UPDATE SET name=EXCLUDED.name, brand=EXCLUDED.brand, category_id=EXCLUDED.category_id, image_url=EXCLUDED.image_url, unit=EXCLUDED.unit, mrp=EXCLUDED.mrp, moq=EXCLUDED.moq, stock=EXCLUDED.stock, is_popular=EXCLUDED.is_popular, is_featured=EXCLUDED.is_featured, description=EXCLUDED.description;
INSERT INTO products (id, name, brand, category_id, image_url, unit, mrp, moq, stock, is_popular, is_featured, description) VALUES ('p5', 'Toor Dal (Arhar)', 'Dairy Demo', 'c1', 'https://loremflickr.com/400/400/lentils', '30 kg bag', 4500, 1, 60, false, false, 'Premium polished toor dal, sortex clean.') ON CONFLICT (id) DO UPDATE SET name=EXCLUDED.name, brand=EXCLUDED.brand, category_id=EXCLUDED.category_id, image_url=EXCLUDED.image_url, unit=EXCLUDED.unit, mrp=EXCLUDED.mrp, moq=EXCLUDED.moq, stock=EXCLUDED.stock, is_popular=EXCLUDED.is_popular, is_featured=EXCLUDED.is_featured, description=EXCLUDED.description;
INSERT INTO products (id, name, brand, category_id, image_url, unit, mrp, moq, stock, is_popular, is_featured, description) VALUES ('p6', 'Sugar (Refined)', 'Dairy Demo', 'c1', 'https://loremflickr.com/400/400/sugar', '50 kg bag', 2300, 1, 80, false, false, 'M-30 grade refined sulphurless sugar.') ON CONFLICT (id) DO UPDATE SET name=EXCLUDED.name, brand=EXCLUDED.brand, category_id=EXCLUDED.category_id, image_url=EXCLUDED.image_url, unit=EXCLUDED.unit, mrp=EXCLUDED.mrp, moq=EXCLUDED.moq, stock=EXCLUDED.stock, is_popular=EXCLUDED.is_popular, is_featured=EXCLUDED.is_featured, description=EXCLUDED.description;
INSERT INTO products (id, name, brand, category_id, image_url, unit, mrp, moq, stock, is_popular, is_featured, description) VALUES ('p7', 'Tata Tea Premium', 'Tata Tea', 'c2', 'https://loremflickr.com/400/400/tea', 'Carton (10 x 1kg)', 5400, 1, 70, true, true, 'Strong assam blend. High-rotation tea SKU.') ON CONFLICT (id) DO UPDATE SET name=EXCLUDED.name, brand=EXCLUDED.brand, category_id=EXCLUDED.category_id, image_url=EXCLUDED.image_url, unit=EXCLUDED.unit, mrp=EXCLUDED.mrp, moq=EXCLUDED.moq, stock=EXCLUDED.stock, is_popular=EXCLUDED.is_popular, is_featured=EXCLUDED.is_featured, description=EXCLUDED.description;
INSERT INTO products (id, name, brand, category_id, image_url, unit, mrp, moq, stock, is_popular, is_featured, description) VALUES ('p8', 'Bru Instant Coffee', 'Bru', 'c2', 'https://loremflickr.com/400/400/coffee', 'Box (24 x 50g)', 3120, 1, 50, false, false, 'Instant coffee sachets, retail-ready box.') ON CONFLICT (id) DO UPDATE SET name=EXCLUDED.name, brand=EXCLUDED.brand, category_id=EXCLUDED.category_id, image_url=EXCLUDED.image_url, unit=EXCLUDED.unit, mrp=EXCLUDED.mrp, moq=EXCLUDED.moq, stock=EXCLUDED.stock, is_popular=EXCLUDED.is_popular, is_featured=EXCLUDED.is_featured, description=EXCLUDED.description;
INSERT INTO products (id, name, brand, category_id, image_url, unit, mrp, moq, stock, is_popular, is_featured, description) VALUES ('p9', 'Coca-Cola 750ml', 'Coca-Cola', 'c2', 'https://loremflickr.com/400/400/cola', 'Crate (24 bottles)', 960, 3, 120, true, false, 'PET bottle crate. Returnable not required.') ON CONFLICT (id) DO UPDATE SET name=EXCLUDED.name, brand=EXCLUDED.brand, category_id=EXCLUDED.category_id, image_url=EXCLUDED.image_url, unit=EXCLUDED.unit, mrp=EXCLUDED.mrp, moq=EXCLUDED.moq, stock=EXCLUDED.stock, is_popular=EXCLUDED.is_popular, is_featured=EXCLUDED.is_featured, description=EXCLUDED.description;
INSERT INTO products (id, name, brand, category_id, image_url, unit, mrp, moq, stock, is_popular, is_featured, description) VALUES ('p10', 'Real Fruit Juice', 'Real', 'c2', 'https://loremflickr.com/400/400/juice', 'Carton (12 x 1L)', 1380, 2, 85, false, false, 'Mixed fruit tetra packs, assorted flavours.') ON CONFLICT (id) DO UPDATE SET name=EXCLUDED.name, brand=EXCLUDED.brand, category_id=EXCLUDED.category_id, image_url=EXCLUDED.image_url, unit=EXCLUDED.unit, mrp=EXCLUDED.mrp, moq=EXCLUDED.moq, stock=EXCLUDED.stock, is_popular=EXCLUDED.is_popular, is_featured=EXCLUDED.is_featured, description=EXCLUDED.description;
INSERT INTO products (id, name, brand, category_id, image_url, unit, mrp, moq, stock, is_popular, is_featured, description) VALUES ('p11', 'Bisleri Water 1L', 'Bisleri', 'c2', 'https://loremflickr.com/400/400/water%2Cbottle', 'Pack (12 bottles)', 240, 10, 400, true, false, 'Packaged drinking water, shrink pack.') ON CONFLICT (id) DO UPDATE SET name=EXCLUDED.name, brand=EXCLUDED.brand, category_id=EXCLUDED.category_id, image_url=EXCLUDED.image_url, unit=EXCLUDED.unit, mrp=EXCLUDED.mrp, moq=EXCLUDED.moq, stock=EXCLUDED.stock, is_popular=EXCLUDED.is_popular, is_featured=EXCLUDED.is_featured, description=EXCLUDED.description;
INSERT INTO products (id, name, brand, category_id, image_url, unit, mrp, moq, stock, is_popular, is_featured, description) VALUES ('p12', 'Lay''s Classic Salted', 'Lay''s', 'c3', 'https://loremflickr.com/400/400/chips', 'Box (40 packs)', 800, 3, 150, true, false, 'Rs.20 MRP packs, retail-ready ladi box.') ON CONFLICT (id) DO UPDATE SET name=EXCLUDED.name, brand=EXCLUDED.brand, category_id=EXCLUDED.category_id, image_url=EXCLUDED.image_url, unit=EXCLUDED.unit, mrp=EXCLUDED.mrp, moq=EXCLUDED.moq, stock=EXCLUDED.stock, is_popular=EXCLUDED.is_popular, is_featured=EXCLUDED.is_featured, description=EXCLUDED.description;
INSERT INTO products (id, name, brand, category_id, image_url, unit, mrp, moq, stock, is_popular, is_featured, description) VALUES ('p13', 'Haldiram Aloo Bhujia', 'Haldiram', 'c3', 'https://loremflickr.com/400/400/namkeen%2Csnack', 'Carton (24 x 200g)', 1200, 2, 100, false, true, 'Best-selling namkeen. Long shelf life.') ON CONFLICT (id) DO UPDATE SET name=EXCLUDED.name, brand=EXCLUDED.brand, category_id=EXCLUDED.category_id, image_url=EXCLUDED.image_url, unit=EXCLUDED.unit, mrp=EXCLUDED.mrp, moq=EXCLUDED.moq, stock=EXCLUDED.stock, is_popular=EXCLUDED.is_popular, is_featured=EXCLUDED.is_featured, description=EXCLUDED.description;
INSERT INTO products (id, name, brand, category_id, image_url, unit, mrp, moq, stock, is_popular, is_featured, description) VALUES ('p14', 'Parle-G Biscuits', 'Parle', 'c3', 'https://loremflickr.com/400/400/biscuit', 'Carton (48 packs)', 480, 5, 260, true, false, 'Glucose biscuit, fastest-moving impulse SKU.') ON CONFLICT (id) DO UPDATE SET name=EXCLUDED.name, brand=EXCLUDED.brand, category_id=EXCLUDED.category_id, image_url=EXCLUDED.image_url, unit=EXCLUDED.unit, mrp=EXCLUDED.mrp, moq=EXCLUDED.moq, stock=EXCLUDED.stock, is_popular=EXCLUDED.is_popular, is_featured=EXCLUDED.is_featured, description=EXCLUDED.description;
INSERT INTO products (id, name, brand, category_id, image_url, unit, mrp, moq, stock, is_popular, is_featured, description) VALUES ('p15', 'Britannia Good Day', 'Britannia', 'c3', 'https://loremflickr.com/400/400/cookie', 'Carton (36 packs)', 1080, 3, 90, false, false, 'Cashew cookies, premium impulse buy.') ON CONFLICT (id) DO UPDATE SET name=EXCLUDED.name, brand=EXCLUDED.brand, category_id=EXCLUDED.category_id, image_url=EXCLUDED.image_url, unit=EXCLUDED.unit, mrp=EXCLUDED.mrp, moq=EXCLUDED.moq, stock=EXCLUDED.stock, is_popular=EXCLUDED.is_popular, is_featured=EXCLUDED.is_featured, description=EXCLUDED.description;
INSERT INTO products (id, name, brand, category_id, image_url, unit, mrp, moq, stock, is_popular, is_featured, description) VALUES ('p16', 'Colgate MaxFresh', 'Colgate', 'c4', 'https://loremflickr.com/400/400/toothpaste', 'Box (24 x 150g)', 2400, 2, 70, false, true, 'Toothpaste 150g, anti-cavity formula.') ON CONFLICT (id) DO UPDATE SET name=EXCLUDED.name, brand=EXCLUDED.brand, category_id=EXCLUDED.category_id, image_url=EXCLUDED.image_url, unit=EXCLUDED.unit, mrp=EXCLUDED.mrp, moq=EXCLUDED.moq, stock=EXCLUDED.stock, is_popular=EXCLUDED.is_popular, is_featured=EXCLUDED.is_featured, description=EXCLUDED.description;
INSERT INTO products (id, name, brand, category_id, image_url, unit, mrp, moq, stock, is_popular, is_featured, description) VALUES ('p17', 'Lifebuoy Soap', 'Lifebuoy', 'c4', 'https://loremflickr.com/400/400/soap', 'Box (48 bars)', 1440, 3, 160, true, false, 'Germ-protection bathing bar, 100g.') ON CONFLICT (id) DO UPDATE SET name=EXCLUDED.name, brand=EXCLUDED.brand, category_id=EXCLUDED.category_id, image_url=EXCLUDED.image_url, unit=EXCLUDED.unit, mrp=EXCLUDED.mrp, moq=EXCLUDED.moq, stock=EXCLUDED.stock, is_popular=EXCLUDED.is_popular, is_featured=EXCLUDED.is_featured, description=EXCLUDED.description;
INSERT INTO products (id, name, brand, category_id, image_url, unit, mrp, moq, stock, is_popular, is_featured, description) VALUES ('p18', 'Clinic Plus Shampoo', 'Clinic Plus', 'c4', 'https://loremflickr.com/400/400/shampoo', 'Box (24 x 175ml)', 2160, 2, 60, false, false, 'Strong & long shampoo bottles.') ON CONFLICT (id) DO UPDATE SET name=EXCLUDED.name, brand=EXCLUDED.brand, category_id=EXCLUDED.category_id, image_url=EXCLUDED.image_url, unit=EXCLUDED.unit, mrp=EXCLUDED.mrp, moq=EXCLUDED.moq, stock=EXCLUDED.stock, is_popular=EXCLUDED.is_popular, is_featured=EXCLUDED.is_featured, description=EXCLUDED.description;
INSERT INTO products (id, name, brand, category_id, image_url, unit, mrp, moq, stock, is_popular, is_featured, description) VALUES ('p19', 'Gillette Razor Pack', 'Gillette', 'c4', 'https://loremflickr.com/400/400/razor', 'Box (20 packs)', 1000, 2, 40, false, false, 'Disposable twin-blade razors.') ON CONFLICT (id) DO UPDATE SET name=EXCLUDED.name, brand=EXCLUDED.brand, category_id=EXCLUDED.category_id, image_url=EXCLUDED.image_url, unit=EXCLUDED.unit, mrp=EXCLUDED.mrp, moq=EXCLUDED.moq, stock=EXCLUDED.stock, is_popular=EXCLUDED.is_popular, is_featured=EXCLUDED.is_featured, description=EXCLUDED.description;
INSERT INTO products (id, name, brand, category_id, image_url, unit, mrp, moq, stock, is_popular, is_featured, description) VALUES ('p20', 'Surf Excel Detergent', 'Surf Excel', 'c5', 'https://loremflickr.com/400/400/detergent', '5 kg bag', 650, 4, 110, true, true, 'Easy-wash detergent powder, bulk bag.') ON CONFLICT (id) DO UPDATE SET name=EXCLUDED.name, brand=EXCLUDED.brand, category_id=EXCLUDED.category_id, image_url=EXCLUDED.image_url, unit=EXCLUDED.unit, mrp=EXCLUDED.mrp, moq=EXCLUDED.moq, stock=EXCLUDED.stock, is_popular=EXCLUDED.is_popular, is_featured=EXCLUDED.is_featured, description=EXCLUDED.description;
INSERT INTO products (id, name, brand, category_id, image_url, unit, mrp, moq, stock, is_popular, is_featured, description) VALUES ('p21', 'Vim Dishwash Bar', 'Vim', 'c5', 'https://loremflickr.com/400/400/dishwash', 'Box (30 bars)', 900, 3, 130, false, false, 'Lemon dishwash bar, 300g.') ON CONFLICT (id) DO UPDATE SET name=EXCLUDED.name, brand=EXCLUDED.brand, category_id=EXCLUDED.category_id, image_url=EXCLUDED.image_url, unit=EXCLUDED.unit, mrp=EXCLUDED.mrp, moq=EXCLUDED.moq, stock=EXCLUDED.stock, is_popular=EXCLUDED.is_popular, is_featured=EXCLUDED.is_featured, description=EXCLUDED.description;
INSERT INTO products (id, name, brand, category_id, image_url, unit, mrp, moq, stock, is_popular, is_featured, description) VALUES ('p22', 'Harpic Toilet Cleaner', 'Harpic', 'c5', 'https://loremflickr.com/400/400/cleaner%2Cbottle', 'Box (12 x 1L)', 1440, 2, 75, false, false, 'Power-plus toilet cleaner.') ON CONFLICT (id) DO UPDATE SET name=EXCLUDED.name, brand=EXCLUDED.brand, category_id=EXCLUDED.category_id, image_url=EXCLUDED.image_url, unit=EXCLUDED.unit, mrp=EXCLUDED.mrp, moq=EXCLUDED.moq, stock=EXCLUDED.stock, is_popular=EXCLUDED.is_popular, is_featured=EXCLUDED.is_featured, description=EXCLUDED.description;
INSERT INTO products (id, name, brand, category_id, image_url, unit, mrp, moq, stock, is_popular, is_featured, description) VALUES ('p23', 'Amul Butter', 'Amul', 'c6', 'https://loremflickr.com/400/400/butter', 'Box (40 x 100g)', 2400, 1, 50, true, false, 'Pasteurised table butter, keep refrigerated.') ON CONFLICT (id) DO UPDATE SET name=EXCLUDED.name, brand=EXCLUDED.brand, category_id=EXCLUDED.category_id, image_url=EXCLUDED.image_url, unit=EXCLUDED.unit, mrp=EXCLUDED.mrp, moq=EXCLUDED.moq, stock=EXCLUDED.stock, is_popular=EXCLUDED.is_popular, is_featured=EXCLUDED.is_featured, description=EXCLUDED.description;
INSERT INTO products (id, name, brand, category_id, image_url, unit, mrp, moq, stock, is_popular, is_featured, description) VALUES ('p24', 'Amul Milk Powder', 'Amul', 'c6', 'https://loremflickr.com/400/400/milk', 'Box (10 x 500g)', 2750, 1, 45, false, true, 'Full-cream milk powder pouches.') ON CONFLICT (id) DO UPDATE SET name=EXCLUDED.name, brand=EXCLUDED.brand, category_id=EXCLUDED.category_id, image_url=EXCLUDED.image_url, unit=EXCLUDED.unit, mrp=EXCLUDED.mrp, moq=EXCLUDED.moq, stock=EXCLUDED.stock, is_popular=EXCLUDED.is_popular, is_featured=EXCLUDED.is_featured, description=EXCLUDED.description;
INSERT INTO products (id, name, brand, category_id, image_url, unit, mrp, moq, stock, is_popular, is_featured, description) VALUES ('p25', 'Britannia Bread', 'Britannia', 'c6', 'https://loremflickr.com/400/400/bread', 'Tray (20 loaves)', 800, 2, 60, false, false, 'Daily fresh sandwich bread.') ON CONFLICT (id) DO UPDATE SET name=EXCLUDED.name, brand=EXCLUDED.brand, category_id=EXCLUDED.category_id, image_url=EXCLUDED.image_url, unit=EXCLUDED.unit, mrp=EXCLUDED.mrp, moq=EXCLUDED.moq, stock=EXCLUDED.stock, is_popular=EXCLUDED.is_popular, is_featured=EXCLUDED.is_featured, description=EXCLUDED.description;
INSERT INTO products (id, name, brand, category_id, image_url, unit, mrp, moq, stock, is_popular, is_featured, description) VALUES ('p26', 'Maggi Noodles', 'Maggi', 'c7', 'https://loremflickr.com/400/400/noodles', 'Carton (48 x 70g)', 672, 4, 220, true, true, '2-minute masala noodles, top mover.') ON CONFLICT (id) DO UPDATE SET name=EXCLUDED.name, brand=EXCLUDED.brand, category_id=EXCLUDED.category_id, image_url=EXCLUDED.image_url, unit=EXCLUDED.unit, mrp=EXCLUDED.mrp, moq=EXCLUDED.moq, stock=EXCLUDED.stock, is_popular=EXCLUDED.is_popular, is_featured=EXCLUDED.is_featured, description=EXCLUDED.description;
INSERT INTO products (id, name, brand, category_id, image_url, unit, mrp, moq, stock, is_popular, is_featured, description) VALUES ('p27', 'Kissan Mixed Jam', 'Kissan', 'c7', 'https://loremflickr.com/400/400/jam', 'Box (12 x 500g)', 1560, 2, 55, false, false, 'Mixed fruit jam glass jars.') ON CONFLICT (id) DO UPDATE SET name=EXCLUDED.name, brand=EXCLUDED.brand, category_id=EXCLUDED.category_id, image_url=EXCLUDED.image_url, unit=EXCLUDED.unit, mrp=EXCLUDED.mrp, moq=EXCLUDED.moq, stock=EXCLUDED.stock, is_popular=EXCLUDED.is_popular, is_featured=EXCLUDED.is_featured, description=EXCLUDED.description;
INSERT INTO products (id, name, brand, category_id, image_url, unit, mrp, moq, stock, is_popular, is_featured, description) VALUES ('p28', 'MTR Ready Mix', 'MTR', 'c7', 'https://loremflickr.com/400/400/packet%2Cfood', 'Box (30 packs)', 1500, 2, 40, false, false, 'Breakfast ready-mix assorted.') ON CONFLICT (id) DO UPDATE SET name=EXCLUDED.name, brand=EXCLUDED.brand, category_id=EXCLUDED.category_id, image_url=EXCLUDED.image_url, unit=EXCLUDED.unit, mrp=EXCLUDED.mrp, moq=EXCLUDED.moq, stock=EXCLUDED.stock, is_popular=EXCLUDED.is_popular, is_featured=EXCLUDED.is_featured, description=EXCLUDED.description;
INSERT INTO products (id, name, brand, category_id, image_url, unit, mrp, moq, stock, is_popular, is_featured, description) VALUES ('p29', 'Classmate Notebooks', 'Classmate', 'c8', 'https://loremflickr.com/400/400/notebook', 'Bundle (60 books)', 3600, 1, 80, true, false, '172-page long notebooks, single line.') ON CONFLICT (id) DO UPDATE SET name=EXCLUDED.name, brand=EXCLUDED.brand, category_id=EXCLUDED.category_id, image_url=EXCLUDED.image_url, unit=EXCLUDED.unit, mrp=EXCLUDED.mrp, moq=EXCLUDED.moq, stock=EXCLUDED.stock, is_popular=EXCLUDED.is_popular, is_featured=EXCLUDED.is_featured, description=EXCLUDED.description;
INSERT INTO products (id, name, brand, category_id, image_url, unit, mrp, moq, stock, is_popular, is_featured, description) VALUES ('p30', 'Cello Pens Box', 'Cello', 'c8', 'https://loremflickr.com/400/400/pen', 'Box (50 pens)', 500, 4, 200, false, false, 'Blue gel pens, smooth flow.') ON CONFLICT (id) DO UPDATE SET name=EXCLUDED.name, brand=EXCLUDED.brand, category_id=EXCLUDED.category_id, image_url=EXCLUDED.image_url, unit=EXCLUDED.unit, mrp=EXCLUDED.mrp, moq=EXCLUDED.moq, stock=EXCLUDED.stock, is_popular=EXCLUDED.is_popular, is_featured=EXCLUDED.is_featured, description=EXCLUDED.description;

-- Price slabs (replace for seeded products)
DELETE FROM price_slabs WHERE product_id IN ('p1', 'p2', 'p3', 'p4', 'p5', 'p6', 'p7', 'p8', 'p9', 'p10', 'p11', 'p12', 'p13', 'p14', 'p15', 'p16', 'p17', 'p18', 'p19', 'p20', 'p21', 'p22', 'p23', 'p24', 'p25', 'p26', 'p27', 'p28', 'p29', 'p30');
INSERT INTO price_slabs (product_id, min_qty, price_per_unit) VALUES ('p1', 2, 1850);
INSERT INTO price_slabs (product_id, min_qty, price_per_unit) VALUES ('p1', 5, 1790);
INSERT INTO price_slabs (product_id, min_qty, price_per_unit) VALUES ('p1', 10, 1720);
INSERT INTO price_slabs (product_id, min_qty, price_per_unit) VALUES ('p2', 5, 430);
INSERT INTO price_slabs (product_id, min_qty, price_per_unit) VALUES ('p2', 20, 412);
INSERT INTO price_slabs (product_id, min_qty, price_per_unit) VALUES ('p2', 50, 398);
INSERT INTO price_slabs (product_id, min_qty, price_per_unit) VALUES ('p3', 2, 1620);
INSERT INTO price_slabs (product_id, min_qty, price_per_unit) VALUES ('p3', 6, 1580);
INSERT INTO price_slabs (product_id, min_qty, price_per_unit) VALUES ('p3', 12, 1540);
INSERT INTO price_slabs (product_id, min_qty, price_per_unit) VALUES ('p4', 5, 552);
INSERT INTO price_slabs (product_id, min_qty, price_per_unit) VALUES ('p4', 15, 540);
INSERT INTO price_slabs (product_id, min_qty, price_per_unit) VALUES ('p4', 40, 528);
INSERT INTO price_slabs (product_id, min_qty, price_per_unit) VALUES ('p5', 1, 3900);
INSERT INTO price_slabs (product_id, min_qty, price_per_unit) VALUES ('p5', 4, 3780);
INSERT INTO price_slabs (product_id, min_qty, price_per_unit) VALUES ('p5', 10, 3690);
INSERT INTO price_slabs (product_id, min_qty, price_per_unit) VALUES ('p6', 1, 2050);
INSERT INTO price_slabs (product_id, min_qty, price_per_unit) VALUES ('p6', 5, 2010);
INSERT INTO price_slabs (product_id, min_qty, price_per_unit) VALUES ('p6', 20, 1975);
INSERT INTO price_slabs (product_id, min_qty, price_per_unit) VALUES ('p7', 1, 4750);
INSERT INTO price_slabs (product_id, min_qty, price_per_unit) VALUES ('p7', 4, 4640);
INSERT INTO price_slabs (product_id, min_qty, price_per_unit) VALUES ('p7', 10, 4520);
INSERT INTO price_slabs (product_id, min_qty, price_per_unit) VALUES ('p8', 1, 2760);
INSERT INTO price_slabs (product_id, min_qty, price_per_unit) VALUES ('p8', 5, 2700);
INSERT INTO price_slabs (product_id, min_qty, price_per_unit) VALUES ('p9', 3, 840);
INSERT INTO price_slabs (product_id, min_qty, price_per_unit) VALUES ('p9', 10, 816);
INSERT INTO price_slabs (product_id, min_qty, price_per_unit) VALUES ('p9', 25, 792);
INSERT INTO price_slabs (product_id, min_qty, price_per_unit) VALUES ('p10', 2, 1200);
INSERT INTO price_slabs (product_id, min_qty, price_per_unit) VALUES ('p10', 8, 1170);
INSERT INTO price_slabs (product_id, min_qty, price_per_unit) VALUES ('p11', 10, 180);
INSERT INTO price_slabs (product_id, min_qty, price_per_unit) VALUES ('p11', 30, 174);
INSERT INTO price_slabs (product_id, min_qty, price_per_unit) VALUES ('p11', 60, 168);
INSERT INTO price_slabs (product_id, min_qty, price_per_unit) VALUES ('p12', 3, 680);
INSERT INTO price_slabs (product_id, min_qty, price_per_unit) VALUES ('p12', 12, 664);
INSERT INTO price_slabs (product_id, min_qty, price_per_unit) VALUES ('p12', 30, 648);
INSERT INTO price_slabs (product_id, min_qty, price_per_unit) VALUES ('p13', 2, 1020);
INSERT INTO price_slabs (product_id, min_qty, price_per_unit) VALUES ('p13', 8, 996);
INSERT INTO price_slabs (product_id, min_qty, price_per_unit) VALUES ('p14', 5, 408);
INSERT INTO price_slabs (product_id, min_qty, price_per_unit) VALUES ('p14', 20, 398);
INSERT INTO price_slabs (product_id, min_qty, price_per_unit) VALUES ('p14', 50, 388);
INSERT INTO price_slabs (product_id, min_qty, price_per_unit) VALUES ('p15', 3, 918);
INSERT INTO price_slabs (product_id, min_qty, price_per_unit) VALUES ('p15', 12, 896);
INSERT INTO price_slabs (product_id, min_qty, price_per_unit) VALUES ('p16', 2, 2040);
INSERT INTO price_slabs (product_id, min_qty, price_per_unit) VALUES ('p16', 8, 1992);
INSERT INTO price_slabs (product_id, min_qty, price_per_unit) VALUES ('p17', 3, 1224);
INSERT INTO price_slabs (product_id, min_qty, price_per_unit) VALUES ('p17', 12, 1200);
INSERT INTO price_slabs (product_id, min_qty, price_per_unit) VALUES ('p18', 2, 1836);
INSERT INTO price_slabs (product_id, min_qty, price_per_unit) VALUES ('p18', 8, 1800);
INSERT INTO price_slabs (product_id, min_qty, price_per_unit) VALUES ('p19', 2, 850);
INSERT INTO price_slabs (product_id, min_qty, price_per_unit) VALUES ('p19', 6, 830);
INSERT INTO price_slabs (product_id, min_qty, price_per_unit) VALUES ('p20', 4, 540);
INSERT INTO price_slabs (product_id, min_qty, price_per_unit) VALUES ('p20', 16, 528);
INSERT INTO price_slabs (product_id, min_qty, price_per_unit) VALUES ('p20', 40, 516);
INSERT INTO price_slabs (product_id, min_qty, price_per_unit) VALUES ('p21', 3, 765);
INSERT INTO price_slabs (product_id, min_qty, price_per_unit) VALUES ('p21', 12, 750);
INSERT INTO price_slabs (product_id, min_qty, price_per_unit) VALUES ('p22', 2, 1224);
INSERT INTO price_slabs (product_id, min_qty, price_per_unit) VALUES ('p22', 8, 1200);
INSERT INTO price_slabs (product_id, min_qty, price_per_unit) VALUES ('p23', 1, 2160);
INSERT INTO price_slabs (product_id, min_qty, price_per_unit) VALUES ('p23', 5, 2120);
INSERT INTO price_slabs (product_id, min_qty, price_per_unit) VALUES ('p24', 1, 2475);
INSERT INTO price_slabs (product_id, min_qty, price_per_unit) VALUES ('p24', 4, 2420);
INSERT INTO price_slabs (product_id, min_qty, price_per_unit) VALUES ('p25', 2, 680);
INSERT INTO price_slabs (product_id, min_qty, price_per_unit) VALUES ('p25', 6, 660);
INSERT INTO price_slabs (product_id, min_qty, price_per_unit) VALUES ('p26', 4, 564);
INSERT INTO price_slabs (product_id, min_qty, price_per_unit) VALUES ('p26', 16, 552);
INSERT INTO price_slabs (product_id, min_qty, price_per_unit) VALUES ('p26', 40, 540);
INSERT INTO price_slabs (product_id, min_qty, price_per_unit) VALUES ('p27', 2, 1326);
INSERT INTO price_slabs (product_id, min_qty, price_per_unit) VALUES ('p27', 8, 1300);
INSERT INTO price_slabs (product_id, min_qty, price_per_unit) VALUES ('p28', 2, 1275);
INSERT INTO price_slabs (product_id, min_qty, price_per_unit) VALUES ('p28', 8, 1250);
INSERT INTO price_slabs (product_id, min_qty, price_per_unit) VALUES ('p29', 1, 3060);
INSERT INTO price_slabs (product_id, min_qty, price_per_unit) VALUES ('p29', 5, 3000);
INSERT INTO price_slabs (product_id, min_qty, price_per_unit) VALUES ('p30', 4, 425);
INSERT INTO price_slabs (product_id, min_qty, price_per_unit) VALUES ('p30', 16, 415);

COMMIT;

-- Seeded: 8 categories, 30 products, 73 price slabs.